"","Name","Year","Gender","Count"
"1","Mary",1880,"F",7065
"219","John",1880,"F",46
"265","William",1880,"F",30
"299","James",1880,"F",22
"405","Charles",1880,"F",11
"410","Robert",1880,"F",11
"420","Joseph",1880,"F",10
"542","John",1880,"M",9655
"543","William",1880,"M",9532
"544","James",1880,"M",5927
"545","Charles",1880,"M",5348
"548","Joseph",1880,"M",2632
"551","Robert",1880,"M",2415
"559","David",1880,"M",869
"564","Richard",1880,"M",728
"587","Michael",1880,"M",354
"836","Mary",1880,"M",27
"1141","Mary",1881,"F",6919
"1412","William",1881,"F",30
"1428","John",1881,"F",26
"1442","James",1881,"F",24
"1487","Charles",1881,"F",17
"1563","Joseph",1881,"F",10
"1586","Robert",1881,"F",9
"1685","John",1881,"M",8769
"1686","William",1881,"M",8524
"1687","James",1881,"M",5442
"1689","Charles",1881,"M",4636
"1691","Joseph",1881,"M",2456
"1695","Robert",1881,"M",2140
"1702","David",1881,"M",750
"1706","Richard",1881,"M",641
"1738","Michael",1881,"M",298
"1963","Mary",1881,"M",29
"2259","Mary",1882,"F",8148
"2520","John",1882,"F",40
"2551","William",1882,"F",31
"2583","Charles",1882,"F",23
"2625","James",1882,"F",18
"2673","Robert",1882,"F",12
"2776","Joseph",1882,"F",6
"2823","John",1882,"M",9557
"2824","William",1882,"M",9298
"2825","James",1882,"M",5892
"2827","Charles",1882,"M",5092
"2829","Joseph",1882,"M",2670
"2832","Robert",1882,"M",2500
"2841","David",1882,"M",838
"2844","Richard",1882,"M",746
"2879","Michael",1882,"M",321
"3107","Mary",1882,"M",30
"3431","Mary",1883,"F",8012
"3691","John",1883,"F",40
"3692","William",1883,"F",40
"3753","James",1883,"F",25
"3800","Charles",1883,"F",18
"3816","Joseph",1883,"F",17
"3872","Robert",1883,"F",11
"3949","David",1883,"F",6
"4002","John",1883,"M",8894
"4003","William",1883,"M",8387
"4004","James",1883,"M",5224
"4005","Charles",1883,"M",4826
"4008","Joseph",1883,"M",2515
"4010","Robert",1883,"M",2334
"4021","David",1883,"M",735
"4022","Richard",1883,"M",649
"4056","Michael",1883,"M",307
"4272","Mary",1883,"M",32
"4599","Mary",1884,"F",9217
"4880","John",1884,"F",40
"4903","William",1884,"F",34
"4905","James",1884,"F",33
"4979","Charles",1884,"F",19
"5090","Joseph",1884,"F",9
"5133","Robert",1884,"F",7
"5195","John",1884,"M",9388
"5196","William",1884,"M",8897
"5197","James",1884,"M",5693
"5199","Charles",1884,"M",4802
"5201","Joseph",1884,"M",2708
"5204","Robert",1884,"M",2469
"5215","David",1884,"M",761
"5217","Richard",1884,"M",749
"5245","Michael",1884,"M",373
"5470","Mary",1884,"M",36
"5812","Mary",1885,"F",9128
"6087","John",1885,"F",45
"6126","William",1885,"F",33
"6161","James",1885,"F",26
"6177","Charles",1885,"F",24
"6254","Joseph",1885,"F",14
"6288","Robert",1885,"F",11
"6396","David",1885,"F",5
"6424","John",1885,"M",8756
"6425","William",1885,"M",8044
"6426","James",1885,"M",5175
"6428","Charles",1885,"M",4599
"6430","Joseph",1885,"M",2540
"6432","Robert",1885,"M",2322
"6445","David",1885,"M",712
"6449","Richard",1885,"M",672
"6470","Michael",1885,"M",370
"6681","Mary",1885,"M",38
"7062","Mary",1886,"F",9890
"7341","John",1886,"F",48
"7387","William",1886,"F",35
"7414","James",1886,"F",29
"7447","Charles",1886,"F",22
"7491","Robert",1886,"F",16
"7604","Joseph",1886,"F",8
"7611","Richard",1886,"F",8
"7697","John",1886,"M",9026
"7698","William",1886,"M",8252
"7699","James",1886,"M",5355
"7701","Charles",1886,"M",4533
"7703","Joseph",1886,"M",2594
"7704","Robert",1886,"M",2444
"7719","Richard",1886,"M",720
"7720","David",1886,"M",674
"7749","Michael",1886,"M",348
"7979","Mary",1886,"M",32
"8340","Mary",1887,"F",9888
"8610","John",1887,"F",56
"8636","William",1887,"F",44
"8677","Charles",1887,"F",33
"8748","James",1887,"F",19
"8801","Joseph",1887,"F",13
"8856","David",1887,"F",9
"8899","Robert",1887,"F",8
"8923","Richard",1887,"F",7
"8981","John",1887,"M",8110
"8982","William",1887,"M",7470
"8983","James",1887,"M",4768
"8985","Charles",1887,"M",4031
"8987","Joseph",1887,"M",2456
"8991","Robert",1887,"M",2125
"9002","David",1887,"M",673
"9005","Richard",1887,"M",622
"9028","Michael",1887,"M",345
"9211","Mary",1887,"M",47
"9607","Mary",1888,"F",11754
"9913","John",1888,"F",52
"9932","James",1888,"F",45
"9939","William",1888,"F",42
"9991","Charles",1888,"F",28
"10051","Robert",1888,"F",19
"10059","Joseph",1888,"F",18
"10188","Richard",1888,"F",8
"10277","John",1888,"M",9248
"10278","William",1888,"M",8705
"10279","James",1888,"M",5562
"10281","Charles",1888,"M",4591
"10283","Joseph",1888,"M",2993
"10284","Robert",1888,"M",2815
"10297","David",1888,"M",801
"10302","Richard",1888,"M",772
"10322","Michael",1888,"M",466
"10516","Mary",1888,"M",50
"10950","Mary",1889,"F",11648
"11266","John",1889,"F",52
"11273","William",1889,"F",46
"11344","Charles",1889,"F",28
"11357","James",1889,"F",26
"11443","Robert",1889,"F",14
"11540","Joseph",1889,"F",7
"11618","Richard",1889,"F",5
"11620","John",1889,"M",8548
"11621","William",1889,"M",7772
"11622","James",1889,"M",5020
"11624","Charles",1889,"M",4199
"11626","Joseph",1889,"M",2729
"11628","Robert",1889,"M",2513
"11641","David",1889,"M",757
"11643","Richard",1889,"M",711
"11670","Michael",1889,"M",377
"11874","Mary",1889,"M",41
"12280","Mary",1890,"F",12078
"12597","John",1890,"F",56
"12656","William",1890,"F",34
"12662","James",1890,"F",33
"12678","Charles",1890,"F",30
"12815","Robert",1890,"F",12
"12831","Joseph",1890,"F",11
"12979","John",1890,"M",8502
"12980","William",1890,"M",7494
"12981","James",1890,"M",5097
"12983","Charles",1890,"M",4061
"12985","Joseph",1890,"M",2670
"12986","Robert",1890,"M",2541
"13003","Richard",1890,"M",744
"13004","David",1890,"M",731
"13026","Michael",1890,"M",394
"13257","Mary",1890,"M",35
"13657","Mary",1891,"F",11703
"13980","William",1891,"F",50
"13995","John",1891,"F",44
"14044","James",1891,"F",31
"14051","Charles",1891,"F",29
"14206","Joseph",1891,"F",11
"14242","Robert",1891,"F",9
"14349","John",1891,"M",7681
"14350","William",1891,"M",6763
"14351","James",1891,"M",4516
"14353","Charles",1891,"M",3640
"14355","Joseph",1891,"M",2572
"14356","Robert",1891,"M",2240
"14374","David",1891,"M",673
"14375","Richard",1891,"M",609
"14403","Michael",1891,"M",333
"14599","Mary",1891,"M",39
"15016","Mary",1892,"F",13173
"15349","John",1892,"F",54
"15376","William",1892,"F",44
"15428","Charles",1892,"F",29
"15471","James",1892,"F",22
"15519","Robert",1892,"F",17
"15556","Joseph",1892,"F",13
"15649","Richard",1892,"F",7
"15707","David",1892,"F",5
"15731","John",1892,"M",9039
"15732","William",1892,"M",7782
"15733","James",1892,"M",5398
"15735","Charles",1892,"M",4319
"15737","Joseph",1892,"M",3064
"15738","Robert",1892,"M",2711
"15754","David",1892,"M",813
"15757","Richard",1892,"M",802
"15789","Michael",1892,"M",380
"15975","Mary",1892,"M",50
"16437","Mary",1893,"F",12784
"16754","John",1893,"F",61
"16840","William",1893,"F",32
"16874","Joseph",1893,"F",26
"16893","Charles",1893,"F",23
"16896","James",1893,"F",23
"16950","Robert",1893,"F",17
"17090","David",1893,"F",6
"17145","John",1893,"M",8049
"17146","William",1893,"M",7223
"17147","James",1893,"M",5028
"17149","Charles",1893,"M",3723
"17150","Joseph",1893,"M",2997
"17152","Robert",1893,"M",2563
"17170","Richard",1893,"M",732
"17171","David",1893,"M",724
"17193","Michael",1893,"M",407
"17373","Mary",1893,"M",55
"17826","Mary",1894,"F",13151
"18161","John",1894,"F",60
"18238","William",1894,"F",34
"18277","Charles",1894,"F",26
"18281","James",1894,"F",25
"18312","Robert",1894,"F",21
"18330","Joseph",1894,"F",17
"18533","John",1894,"M",8238
"18534","William",1894,"M",7274
"18535","James",1894,"M",5110
"18537","Charles",1894,"M",3788
"18538","Joseph",1894,"M",2977
"18540","Robert",1894,"M",2497
"18557","Richard",1894,"M",808
"18561","David",1894,"M",729
"18583","Michael",1894,"M",423
"18779","Mary",1894,"M",48
"19231","Mary",1895,"F",13446
"19565","John",1895,"F",61
"19626","William",1895,"F",40
"19649","James",1895,"F",34
"19683","Charles",1895,"F",27
"19718","Joseph",1895,"F",23
"19742","Robert",1895,"F",20
"19900","Richard",1895,"F",7
"19938","David",1895,"F",5
"19967","John",1895,"M",8321
"19968","William",1895,"M",7277
"19969","James",1895,"M",5335
"19971","Charles",1895,"M",3633
"19973","Joseph",1895,"M",2992
"19974","Robert",1895,"M",2635
"19997","Richard",1895,"M",727
"19998","David",1895,"M",707
"20018","Michael",1895,"M",413
"20223","Mary",1895,"M",47
"20684","Mary",1896,"F",13811
"21046","John",1896,"F",50
"21067","William",1896,"F",44
"21147","James",1896,"F",28
"21149","Robert",1896,"F",28
"21176","Joseph",1896,"F",24
"21291","Charles",1896,"F",10
"21344","David",1896,"F",7
"21415","Richard",1896,"F",5
"21424","John",1896,"M",8139
"21425","William",1896,"M",7747
"21426","James",1896,"M",5207
"21428","Charles",1896,"M",3639
"21429","Joseph",1896,"M",3051
"21431","Robert",1896,"M",2719
"21449","Richard",1896,"M",833
"21451","David",1896,"M",765
"21476","Michael",1896,"M",400
"21663","Mary",1896,"M",57
"22142","Mary",1897,"F",13413
"22525","John",1897,"F",46
"22577","William",1897,"F",32
"22582","James",1897,"F",30
"22648","Charles",1897,"F",20
"22649","Joseph",1897,"F",20
"22664","Robert",1897,"F",18
"22810","Michael",1897,"F",7
"22811","Richard",1897,"F",7
"22887","John",1897,"M",7550
"22888","William",1897,"M",7199
"22889","James",1897,"M",5113
"22891","Charles",1897,"M",3341
"22892","Joseph",1897,"M",2827
"22894","Robert",1897,"M",2701
"22915","David",1897,"M",730
"22917","Richard",1897,"M",702
"22943","Michael",1897,"M",368
"23095","Mary",1897,"M",63
"23603","Mary",1898,"F",14406
"23974","John",1898,"F",55
"24018","William",1898,"F",41
"24073","James",1898,"F",29
"24106","Joseph",1898,"F",23
"24138","Charles",1898,"F",19
"24203","Richard",1898,"F",13
"24214","Robert",1898,"F",12
"24331","David",1898,"F",5
"24361","John",1898,"M",8159
"24362","William",1898,"M",7400
"24363","James",1898,"M",5321
"24365","Charles",1898,"M",3557
"24366","Joseph",1898,"M",3171
"24367","Robert",1898,"M",2932
"24386","Richard",1898,"M",873
"24390","David",1898,"M",815
"24412","Michael",1898,"M",434
"24609","Mary",1898,"M",50
"25101","Mary",1899,"F",13172
"25503","John",1899,"F",40
"25575","James",1899,"F",27
"25592","Charles",1899,"F",23
"25601","William",1899,"F",23
"25627","Joseph",1899,"F",19
"25637","Robert",1899,"F",18
"25856","Richard",1899,"F",5
"25862","John",1899,"M",6990
"25863","William",1899,"M",6086
"25864","James",1899,"M",4598
"25866","Charles",1899,"M",3147
"25867","Joseph",1899,"M",2679
"25868","Robert",1899,"M",2609
"25889","Richard",1899,"M",744
"25893","David",1899,"M",647
"25912","Michael",1899,"M",375
"26096","Mary",1899,"M",50
"26573","Mary",1900,"F",16707
"26998","John",1900,"F",46
"27005","William",1900,"F",44
"27011","James",1900,"F",41
"27075","Charles",1900,"F",28
"27104","Robert",1900,"F",24
"27186","Joseph",1900,"F",14
"27252","David",1900,"F",9
"27379","John",1900,"M",9829
"27380","William",1900,"M",8578
"27381","James",1900,"M",7245
"27383","Charles",1900,"M",4101
"27384","Robert",1900,"M",3823
"27385","Joseph",1900,"M",3714
"27402","Richard",1900,"M",1142
"27410","David",1900,"M",885
"27429","Michael",1900,"M",497
"27611","Mary",1900,"M",75
"28177","Mary",1901,"F",13136
"28594","John",1901,"F",39
"28628","William",1901,"F",32
"28634","James",1901,"F",30
"28682","Charles",1901,"F",23
"28741","Robert",1901,"F",16
"28752","Joseph",1901,"F",14
"28834","Richard",1901,"F",8
"28953","John",1901,"M",6899
"28954","William",1901,"M",5990
"28955","James",1901,"M",4735
"28957","Charles",1901,"M",3049
"28958","Joseph",1901,"M",2766
"28959","Robert",1901,"M",2543
"28978","Richard",1901,"M",784
"28982","David",1901,"M",672
"29004","Michael",1901,"M",384
"29183","Mary",1901,"M",58
"29678","Mary",1902,"F",14486
"30115","John",1902,"F",38
"30155","James",1902,"F",30
"30182","Charles",1902,"F",25
"30190","William",1902,"F",25
"30221","Robert",1902,"F",21
"30356","Joseph",1902,"F",8
"30424","Richard",1902,"F",6
"30463","John",1902,"M",7907
"30464","William",1902,"M",6616
"30465","James",1902,"M",5592
"30467","Charles",1902,"M",3361
"30468","Robert",1902,"M",3180
"30469","Joseph",1902,"M",3098
"30488","Richard",1902,"M",908
"30493","David",1902,"M",761
"30510","Michael",1902,"M",460
"30710","Mary",1902,"M",56
"31211","Mary",1903,"F",14275
"31638","John",1903,"F",41
"31665","William",1903,"F",35
"31705","James",1903,"F",28
"31751","Charles",1903,"F",19
"31805","Joseph",1903,"F",13
"31810","Robert",1903,"F",13
"31956","Richard",1903,"F",6
"32003","John",1903,"M",7608
"32004","William",1903,"M",6311
"32005","James",1903,"M",5480
"32007","Charles",1903,"M",3212
"32008","Joseph",1903,"M",3121
"32009","Robert",1903,"M",3044
"32028","Richard",1903,"M",863
"32035","David",1903,"M",716
"32049","Michael",1903,"M",466
"32232","Mary",1903,"M",63
"32766","Mary",1904,"F",14962
"33213","John",1904,"F",40
"33279","James",1904,"F",27
"33291","William",1904,"F",25
"33292","Charles",1904,"F",24
"33332","Joseph",1904,"F",18
"33376","Robert",1904,"F",13
"33453","Richard",1904,"F",8
"33579","John",1904,"M",8108
"33580","William",1904,"M",6416
"33581","James",1904,"M",5855
"33583","Robert",1904,"M",3414
"33584","Charles",1904,"M",3406
"33585","Joseph",1904,"M",3291
"33602","Richard",1904,"M",957
"33609","David",1904,"M",817
"33628","Michael",1904,"M",462
"33829","Mary",1904,"M",58
"34360","Mary",1905,"F",16067
"34802","John",1905,"F",43
"34837","James",1905,"F",35
"34873","William",1905,"F",28
"34905","Charles",1905,"F",22
"34908","Joseph",1905,"F",22
"34912","Robert",1905,"F",21
"35084","David",1905,"F",7
"35182","John",1905,"M",8060
"35183","William",1905,"M",6496
"35184","James",1905,"M",6042
"35186","Charles",1905,"M",3608
"35187","Robert",1905,"M",3410
"35188","Joseph",1905,"M",3302
"35203","Richard",1905,"M",1034
"35213","David",1905,"M",838
"35226","Michael",1905,"M",514
"35420","Mary",1905,"M",68
"35967","Mary",1906,"F",16370
"36421","John",1906,"F",43
"36447","James",1906,"F",37
"36487","William",1906,"F",28
"36504","Charles",1906,"F",24
"36523","Joseph",1906,"F",21
"36558","Robert",1906,"F",16
"36667","David",1906,"F",8
"36685","Richard",1906,"F",8
"36788","Michael",1906,"F",5
"36800","John",1906,"M",8264
"36801","William",1906,"M",6567
"36802","James",1906,"M",5908
"36804","Robert",1906,"M",3635
"36805","Charles",1906,"M",3607
"36806","Joseph",1906,"M",3527
"36822","Richard",1906,"M",1084
"36830","David",1906,"M",878
"36845","Michael",1906,"M",531
"37024","Mary",1906,"M",76
"37590","Mary",1907,"F",17580
"37990","John",1907,"F",65
"38045","James",1907,"F",45
"38116","William",1907,"F",29
"38146","Robert",1907,"F",22
"38158","Charles",1907,"F",20
"38242","Joseph",1907,"F",12
"38257","David",1907,"F",11
"38282","Richard",1907,"F",10
"38443","John",1907,"M",8983
"38444","William",1907,"M",6905
"38445","James",1907,"M",6707
"38447","Robert",1907,"M",4020
"38448","Charles",1907,"M",3884
"38449","Joseph",1907,"M",3844
"38464","Richard",1907,"M",1236
"38473","David",1907,"M",946
"38490","Michael",1907,"M",586
"38694","Mary",1907,"M",70
"39270","Mary",1908,"F",18666
"39695","John",1908,"F",58
"39740","William",1908,"F",45
"39792","James",1908,"F",32
"39799","Charles",1908,"F",30
"39820","Robert",1908,"F",26
"39854","Joseph",1908,"F",21
"40090","Richard",1908,"F",6
"40136","John",1908,"M",9342
"40137","William",1908,"M",7528
"40138","James",1908,"M",7012
"40140","Robert",1908,"M",4220
"40141","Joseph",1908,"M",4162
"40142","Charles",1908,"M",3929
"40158","Richard",1908,"M",1244
"40165","David",1908,"M",1017
"40179","Michael",1908,"M",689
"40371","Mary",1908,"M",79
"40984","Mary",1909,"F",19259
"41402","John",1909,"F",67
"41438","James",1909,"F",52
"41505","William",1909,"F",35
"41533","Joseph",1909,"F",30
"41537","Charles",1909,"F",29
"41562","Robert",1909,"F",25
"41760","David",1909,"F",7
"41780","Michael",1909,"F",7
"41785","Richard",1909,"F",7
"41870","John",1909,"M",9591
"41871","William",1909,"M",7914
"41872","James",1909,"M",7594
"41874","Robert",1909,"M",4563
"41875","Joseph",1909,"M",4348
"41876","Charles",1909,"M",4030
"41890","Richard",1909,"M",1427
"41898","David",1909,"M",1094
"41916","Michael",1909,"M",635
"42115","Mary",1909,"M",80
"42715","Mary",1910,"F",22848
"43108","John",1910,"F",88
"43164","James",1910,"F",63
"43248","William",1910,"F",37
"43270","Charles",1910,"F",32
"43285","Joseph",1910,"F",29
"43290","Robert",1910,"F",29
"43477","David",1910,"F",9
"43487","Michael",1910,"F",9
"43489","Richard",1910,"F",9
"43649","John",1910,"M",11450
"43650","James",1910,"M",9195
"43651","William",1910,"M",8844
"43652","Robert",1910,"M",5610
"43654","Joseph",1910,"M",5228
"43655","Charles",1910,"M",4785
"43669","Richard",1910,"M",1654
"43678","David",1910,"M",1258
"43693","Michael",1910,"M",844
"43886","Mary",1910,"M",99
"44538","Mary",1911,"F",24390
"44979","James",1911,"F",69
"44983","John",1911,"F",68
"45032","William",1911,"F",50
"45074","Charles",1911,"F",40
"45079","Robert",1911,"F",39
"45125","Joseph",1911,"F",28
"45293","Richard",1911,"F",11
"45323","David",1911,"F",9
"45376","Michael",1911,"F",7
"45464","John",1911,"M",13445
"45465","William",1911,"M",10593
"45466","James",1911,"M",9951
"45468","Robert",1911,"M",6526
"45469","Joseph",1911,"M",6488
"45470","Charles",1911,"M",5725
"45483","Richard",1911,"M",2030
"45490","David",1911,"M",1556
"45501","Michael",1911,"M",1159
"45723","Mary",1911,"M",98
"46362","Mary",1912,"F",32303
"46776","John",1912,"F",112
"46832","James",1912,"F",81
"46839","William",1912,"F",78
"46854","Charles",1912,"F",67
"46864","Robert",1912,"F",64
"46922","Joseph",1912,"F",44
"47021","Richard",1912,"F",23
"47092","David",1912,"F",16
"47232","Michael",1912,"F",8
"47367","John",1912,"M",24587
"47368","William",1912,"M",19625
"47369","James",1912,"M",17644
"47370","Robert",1912,"M",12837
"47371","Joseph",1912,"M",12062
"47373","Charles",1912,"M",11070
"47385","Richard",1912,"M",4188
"47395","David",1912,"M",2858
"47408","Michael",1912,"M",2104
"47707","Mary",1912,"M",118
"48358","Mary",1913,"F",36641
"48776","John",1913,"F",122
"48825","James",1913,"F",95
"48828","William",1913,"F",94
"48866","Robert",1913,"F",72
"48923","Charles",1913,"F",49
"48956","Joseph",1913,"F",38
"49054","Richard",1913,"F",22
"49147","David",1913,"F",13
"49175","Michael",1913,"F",12
"49399","John",1913,"M",29329
"49400","William",1913,"M",23537
"49401","James",1913,"M",20831
"49402","Robert",1913,"M",15682
"49403","Joseph",1913,"M",14471
"49405","Charles",1913,"M",13189
"49417","Richard",1913,"M",5107
"49427","David",1913,"M",3282
"49438","Michael",1913,"M",2607
"49762","Mary",1913,"M",126
"50429","Mary",1914,"F",45344
"50821","John",1914,"F",169
"50903","James",1914,"F",107
"50919","William",1914,"F",97
"50949","Robert",1914,"F",80
"50961","Charles",1914,"F",75
"50971","Joseph",1914,"F",69
"51103","Richard",1914,"F",30
"51166","David",1914,"F",21
"51225","Michael",1914,"F",16
"51514","John",1914,"M",37948
"51515","William",1914,"M",29756
"51516","James",1914,"M",26263
"51517","Robert",1914,"M",21188
"51518","Joseph",1914,"M",18828
"51520","Charles",1914,"M",16938
"51530","Richard",1914,"M",6669
"51542","David",1914,"M",4251
"51553","Michael",1914,"M",3363
"51921","Mary",1914,"M",127
"52573","Mary",1915,"F",58187
"52981","John",1915,"F",200
"53022","James",1915,"F",155
"53060","William",1915,"F",129
"53079","Robert",1915,"F",116
"53104","Charles",1915,"F",101
"53154","Joseph",1915,"F",69
"53242","Richard",1915,"F",39
"53274","David",1915,"F",31
"53443","Michael",1915,"F",14
"53713","John",1915,"M",47577
"53714","William",1915,"M",38563
"53715","James",1915,"M",33776
"53716","Robert",1915,"M",28738
"53717","Joseph",1915,"M",23050
"53719","Charles",1915,"M",21959
"53727","Richard",1915,"M",9144
"53743","David",1915,"M",5395
"53755","Michael",1915,"M",4083
"54122","Mary",1915,"M",159
"54828","Mary",1916,"F",61437
"55224","John",1916,"F",227
"55284","James",1916,"F",166
"55318","William",1916,"F",136
"55335","Charles",1916,"F",123
"55338","Robert",1916,"F",122
"55409","Joseph",1916,"F",77
"55485","Richard",1916,"F",43
"55581","David",1916,"F",25
"55658","Michael",1916,"F",18
"55988","John",1916,"M",50046
"55989","William",1916,"M",40421
"55990","James",1916,"M",35569
"55991","Robert",1916,"M",31741
"55992","Joseph",1916,"M",23884
"55993","Charles",1916,"M",23613
"56002","Richard",1916,"M",10133
"56015","David",1916,"M",5813
"56031","Michael",1916,"M",4210
"56402","Mary",1916,"M",164
"57125","Mary",1917,"F",64280
"57512","John",1917,"F",253
"57567","James",1917,"F",182
"57590","Robert",1917,"F",168
"57592","William",1917,"F",165
"57639","Charles",1917,"F",124
"57681","Joseph",1917,"F",94
"57785","Richard",1917,"F",47
"57837","David",1917,"F",34
"58066","Michael",1917,"F",12
"58314","John",1917,"M",51851
"58315","William",1917,"M",42420
"58316","James",1917,"M",37340
"58317","Robert",1917,"M",35219
"58318","Joseph",1917,"M",24763
"58320","Charles",1917,"M",24145
"58327","Richard",1917,"M",10914
"58341","David",1917,"M",6100
"58357","Michael",1917,"M",4290
"58736","Mary",1917,"M",159
"59446","Mary",1918,"F",67370
"59846","John",1918,"F",248
"59876","James",1918,"F",212
"59915","Robert",1918,"F",178
"59927","William",1918,"F",172
"59949","Charles",1918,"F",144
"60025","Joseph",1918,"F",90
"60103","Richard",1918,"F",51
"60169","David",1918,"F",37
"60201","Michael",1918,"F",30
"60649","John",1918,"M",56559
"60650","William",1918,"M",45290
"60651","James",1918,"M",42122
"60652","Robert",1918,"M",40623
"60653","Charles",1918,"M",26922
"60655","Joseph",1918,"M",26262
"60660","Richard",1918,"M",12325
"60676","David",1918,"M",6627
"60693","Michael",1918,"M",4296
"61079","Mary",1918,"M",169
"61802","Mary",1919,"F",65840
"62167","John",1919,"F",307
"62242","James",1919,"F",191
"62251","Robert",1919,"F",184
"62264","William",1919,"F",175
"62314","Charles",1919,"F",129
"62377","Joseph",1919,"F",89
"62408","Richard",1919,"F",74
"62541","David",1919,"F",32
"62605","Michael",1919,"F",24
"63000","John",1919,"M",53532
"63001","William",1919,"M",43978
"63002","James",1919,"M",42390
"63003","Robert",1919,"M",41029
"63004","Charles",1919,"M",25194
"63006","Joseph",1919,"M",24266
"63011","Richard",1919,"M",12442
"63026","David",1919,"M",6719
"63045","Michael",1919,"M",3913
"63444","Mary",1919,"M",155
"64142","Mary",1920,"F",70976
"64531","John",1920,"F",281
"64549","James",1920,"F",249
"64587","Robert",1920,"F",205
"64588","William",1920,"F",205
"64636","Charles",1920,"F",163
"64696","Joseph",1920,"F",112
"64812","Richard",1920,"F",54
"64888","David",1920,"F",33
"64980","Michael",1920,"F",22
"65363","John",1920,"M",56910
"65364","William",1920,"M",50152
"65365","Robert",1920,"M",48680
"65366","James",1920,"M",47917
"65367","Charles",1920,"M",28314
"65369","Joseph",1920,"M",25592
"65372","Richard",1920,"M",15011
"65387","David",1920,"M",7445
"65412","Michael",1920,"M",4003
"65776","Mary",1920,"M",195
"66520","Mary",1921,"F",73985
"66912","John",1921,"F",285
"66940","Robert",1921,"F",244
"66953","James",1921,"F",231
"66991","William",1921,"F",190
"67003","Charles",1921,"F",176
"67071","Joseph",1921,"F",120
"67150","Richard",1921,"F",71
"67223","David",1921,"F",42
"67340","Michael",1921,"F",24
"67760","John",1921,"M",58228
"67761","Robert",1921,"M",52782
"67762","William",1921,"M",51861
"67763","James",1921,"M",49748
"67764","Charles",1921,"M",29242
"67766","Joseph",1921,"M",26178
"67769","Richard",1921,"M",16378
"67784","David",1921,"M",7766
"67806","Michael",1921,"M",4198
"68186","Mary",1921,"M",187
"68932","Mary",1922,"F",72171
"69310","John",1922,"F",286
"69352","James",1922,"F",239
"69357","Robert",1922,"F",237
"69391","Charles",1922,"F",199
"69399","William",1922,"F",193
"69503","Joseph",1922,"F",104
"69551","Richard",1922,"F",75
"69693","David",1922,"F",31
"69695","Michael",1922,"F",31
"70149","John",1922,"M",57278
"70150","Robert",1922,"M",53797
"70151","William",1922,"M",51118
"70152","James",1922,"M",49813
"70153","Charles",1922,"M",28844
"70155","Joseph",1922,"M",25703
"70157","Richard",1922,"M",17540
"70172","David",1922,"M",7864
"70196","Michael",1922,"M",3990
"70578","Mary",1922,"M",186
"71324","Mary",1923,"F",71634
"71684","John",1923,"F",336
"71718","James",1923,"F",279
"71739","Robert",1923,"F",250
"71764","William",1923,"F",225
"71833","Charles",1923,"F",159
"71899","Joseph",1923,"F",106
"71942","Richard",1923,"F",78
"72043","David",1923,"F",43
"72113","Michael",1923,"F",29
"72565","John",1923,"M",57471
"72566","Robert",1923,"M",56116
"72567","William",1923,"M",52131
"72568","James",1923,"M",50464
"72569","Charles",1923,"M",28959
"72571","Joseph",1923,"M",25558
"72573","Richard",1923,"M",18881
"72588","David",1923,"M",8236
"72614","Michael",1923,"M",3914
"72979","Mary",1923,"M",203
"73743","Mary",1924,"F",73527
"74088","John",1924,"F",383
"74138","Robert",1924,"F",298
"74158","James",1924,"F",275
"74174","William",1924,"F",245
"74230","Charles",1924,"F",186
"74294","Joseph",1924,"F",135
"74348","Richard",1924,"F",94
"74442","David",1924,"F",51
"74498","Michael",1924,"F",36
"74996","Robert",1924,"M",60792
"74997","John",1924,"M",59056
"74998","William",1924,"M",53524
"74999","James",1924,"M",52936
"75000","Charles",1924,"M",30455
"75002","Joseph",1924,"M",25432
"75003","Richard",1924,"M",21247
"75019","David",1924,"M",8757
"75049","Michael",1924,"M",3873
"75401","Mary",1924,"M",223
"76194","Mary",1925,"F",70601
"76550","James",1925,"F",364
"76551","John",1925,"F",364
"76557","Robert",1925,"F",350
"76591","William",1925,"F",290
"76646","Charles",1925,"F",216
"76741","Joseph",1925,"F",132
"76775","Richard",1925,"F",108
"76930","David",1925,"F",40
"76970","Michael",1925,"F",34
"77466","Robert",1925,"M",60903
"77467","John",1925,"M",57191
"77468","William",1925,"M",53298
"77469","James",1925,"M",52688
"77470","Charles",1925,"M",29590
"77472","Joseph",1925,"M",24607
"77473","Richard",1925,"M",23274
"77487","David",1925,"M",8919
"77520","Michael",1925,"M",3762
"77832","Mary",1925,"M",261
"78655","Mary",1926,"F",67823
"78993","John",1926,"F",386
"79001","Robert",1926,"F",370
"79006","James",1926,"F",360
"79047","William",1926,"F",302
"79093","Charles",1926,"F",225
"79170","Joseph",1926,"F",161
"79220","Richard",1926,"F",120
"79340","David",1926,"F",56
"79448","Michael",1926,"F",32
"79926","Robert",1926,"M",61118
"79927","John",1926,"M",56112
"79928","James",1926,"M",53208
"79929","William",1926,"M",51922
"79930","Charles",1926,"M",29520
"79932","Richard",1926,"M",25147
"79933","Joseph",1926,"M",23765
"79947","David",1926,"M",9034
"79981","Michael",1926,"M",3487
"80277","Mary",1926,"M",272
"81131","Mary",1927,"F",70632
"81448","John",1927,"F",440
"81462","Robert",1927,"F",411
"81468","James",1927,"F",389
"81512","William",1927,"F",320
"81524","Charles",1927,"F",304
"81643","Joseph",1927,"F",166
"81648","Richard",1927,"F",161
"81817","David",1927,"F",60
"81954","Michael",1927,"F",29
"82409","Robert",1927,"M",61664
"82410","John",1927,"M",55948
"82411","James",1927,"M",53663
"82412","William",1927,"M",51472
"82413","Charles",1927,"M",31934
"82414","Richard",1927,"M",26764
"82417","Joseph",1927,"M",23499
"82429","David",1927,"M",9430
"82460","Michael",1927,"M",3606
"82756","Mary",1927,"M",282
"83628","Mary",1928,"F",66866
"83942","Robert",1928,"F",435
"83946","James",1928,"F",427
"83947","John",1928,"F",425
"83995","William",1928,"F",349
"84038","Charles",1928,"F",271
"84095","Richard",1928,"F",201
"84120","Joseph",1928,"F",182
"84289","David",1928,"F",68
"84422","Michael",1928,"F",33
"84888","Robert",1928,"M",60680
"84889","John",1928,"M",53747
"84890","James",1928,"M",52750
"84891","William",1928,"M",49102
"84892","Charles",1928,"M",31242
"84893","Richard",1928,"M",28790
"84896","Joseph",1928,"M",22318
"84906","David",1928,"M",9997
"84940","Michael",1928,"M",3595
"85216","Mary",1928,"M",294
"86099","Mary",1929,"F",63508
"86412","Robert",1929,"F",440
"86419","John",1929,"F",410
"86423","James",1929,"F",397
"86459","William",1929,"F",337
"86506","Charles",1929,"F",261
"86558","Richard",1929,"F",200
"86610","Joseph",1929,"F",157
"86747","David",1929,"F",73
"86884","Michael",1929,"F",33
"87372","Robert",1929,"M",59802
"87373","James",1929,"M",52116
"87374","John",1929,"M",52102
"87375","William",1929,"M",47798
"87376","Charles",1929,"M",29926
"87377","Richard",1929,"M",29571
"87380","Joseph",1929,"M",21154
"87388","David",1929,"M",11293
"87425","Michael",1929,"M",3463
"87677","Mary",1929,"M",327
"88585","Mary",1930,"F",64134
"88905","Robert",1930,"F",425
"88907","James",1930,"F",418
"88912","John",1930,"F",402
"88983","William",1930,"F",289
"89017","Charles",1930,"F",236
"89090","Richard",1930,"F",163
"89112","Joseph",1930,"F",143
"89206","David",1930,"F",86
"89357","Michael",1930,"F",36
"89850","Robert",1930,"M",62143
"89851","James",1930,"M",53933
"89852","John",1930,"M",52431
"89853","William",1930,"M",47257
"89854","Richard",1930,"M",32173
"89855","Charles",1930,"M",31854
"89858","Joseph",1930,"M",20977
"89864","David",1930,"M",12277
"89903","Michael",1930,"M",3541
"90157","Mary",1930,"M",340
"91076","Mary",1931,"F",60293
"91419","James",1931,"F",346
"91420","Robert",1931,"F",343
"91431","John",1931,"F",325
"91493","William",1931,"F",238
"91513","Charles",1931,"F",213
"91587","Richard",1931,"F",151
"91635","Joseph",1931,"F",112
"91760","David",1931,"F",56
"91920","Michael",1931,"F",24
"92331","Robert",1931,"M",60497
"92332","James",1931,"M",51199
"92333","John",1931,"M",48401
"92334","William",1931,"M",43262
"92335","Richard",1931,"M",31811
"92336","Charles",1931,"M",29915
"92339","Joseph",1931,"M",19322
"92343","David",1931,"M",11776
"92385","Michael",1931,"M",3491
"92636","Mary",1931,"M",326
"93525","Mary",1932,"F",59871
"93877","Robert",1932,"F",326
"93880","James",1932,"F",320
"93898","John",1932,"F",298
"93952","William",1932,"F",235
"93989","Charles",1932,"F",197
"94048","Richard",1932,"F",138
"94103","Joseph",1932,"F",104
"94219","David",1932,"F",56
"94410","Michael",1932,"F",20
"94782","Robert",1932,"M",59248
"94783","James",1932,"M",51922
"94784","John",1932,"M",48596
"94785","William",1932,"M",42108
"94786","Richard",1932,"M",31790
"94787","Charles",1932,"M",31088
"94790","Joseph",1932,"M",18556
"94793","David",1932,"M",12135
"94835","Michael",1932,"M",3609
"95086","Mary",1932,"M",330
"95998","Mary",1933,"F",55493
"96364","James",1933,"F",299
"96387","Robert",1933,"F",273
"96425","John",1933,"F",226
"96442","Charles",1933,"F",209
"96463","William",1933,"F",195
"96528","Richard",1933,"F",126
"96582","Joseph",1933,"F",100
"96660","David",1933,"F",63
"96824","Michael",1933,"F",26
"97255","Robert",1933,"M",54205
"97256","James",1933,"M",51099
"97257","John",1933,"M",46220
"97258","William",1933,"M",39031
"97259","Richard",1933,"M",31329
"97260","Charles",1933,"M",28982
"97263","Joseph",1933,"M",17155
"97267","David",1933,"M",12020
"97307","Michael",1933,"M",3544
"97554","Mary",1933,"M",316
"98454","Mary",1934,"F",56918
"98850","Robert",1934,"F",266
"98855","James",1934,"F",262
"98860","John",1934,"F",257
"98932","William",1934,"F",175
"98939","Charles",1934,"F",168
"98984","Richard",1934,"F",129
"99066","Joseph",1934,"F",87
"99098","David",1934,"F",75
"99343","Michael",1934,"F",20
"99692","Robert",1934,"M",55826
"99693","James",1934,"M",54236
"99694","John",1934,"M",46736
"99695","William",1934,"M",40157
"99696","Richard",1934,"M",33152
"99698","Charles",1934,"M",29788
"99701","Joseph",1934,"M",17101
"99703","David",1934,"M",13998
"99738","Michael",1934,"M",4107
"100004","Mary",1934,"M",303
"100905","Mary",1935,"F",55067
"101324","James",1935,"F",238
"101328","Robert",1935,"F",231
"101351","John",1935,"F",208
"101392","William",1935,"F",163
"101411","Charles",1935,"F",149
"101439","Richard",1935,"F",128
"101551","Joseph",1935,"F",76
"101600","David",1935,"F",60
"101709","Michael",1935,"F",32
"102150","Robert",1935,"M",56514
"102151","James",1935,"M",54986
"102152","John",1935,"M",47492
"102153","William",1935,"M",40201
"102154","Richard",1935,"M",33939
"102155","Charles",1935,"M",29968
"102159","Joseph",1935,"M",17185
"102160","David",1935,"M",15660
"102190","Michael",1935,"M",4906
"102477","Mary",1935,"M",276
"103350","Mary",1936,"F",54363
"103775","James",1936,"F",229
"103780","Robert",1936,"F",221
"103793","John",1936,"F",203
"103862","William",1936,"F",154
"103889","Charles",1936,"F",134
"103948","Richard",1936,"F",98
"104019","Joseph",1936,"F",70
"104069","David",1936,"F",52
"104126","Michael",1936,"F",40
"104611","Robert",1936,"M",58486
"104612","James",1936,"M",54672
"104613","John",1936,"M",47661
"104614","William",1936,"M",39380
"104615","Richard",1936,"M",33481
"104616","Charles",1936,"M",29082
"104620","David",1936,"M",17476
"104621","Joseph",1936,"M",17447
"104643","Michael",1936,"M",5802
"104921","Mary",1936,"M",293
"105827","Mary",1937,"F",55640
"106231","James",1937,"F",252
"106265","Robert",1937,"F",223
"106269","John",1937,"F",218
"106316","Charles",1937,"F",176
"106331","William",1937,"F",164
"106407","Richard",1937,"F",118
"106508","David",1937,"F",70
"106531","Joseph",1937,"F",61
"106587","Michael",1937,"F",47
"107097","Robert",1937,"M",61821
"107098","James",1937,"M",56546
"107099","John",1937,"M",48739
"107100","William",1937,"M",40701
"107101","Richard",1937,"M",32972
"107102","Charles",1937,"M",30512
"107104","David",1937,"M",20976
"107108","Joseph",1937,"M",17311
"107123","Michael",1937,"M",7094
"107416","Mary",1937,"M",288
"108326","Mary",1938,"F",56211
"108727","James",1938,"F",274
"108778","Robert",1938,"F",218
"108779","John",1938,"F",216
"108874","Charles",1938,"F",144
"108886","William",1938,"F",138
"108904","Richard",1938,"F",121
"109011","Joseph",1938,"F",75
"109040","David",1938,"F",63
"109060","Michael",1938,"F",58
"109607","Robert",1938,"M",62262
"109608","James",1938,"M",59092
"109609","John",1938,"M",50507
"109610","William",1938,"M",42421
"109611","Richard",1938,"M",34379
"109612","Charles",1938,"M",31133
"109614","David",1938,"M",22990
"109618","Joseph",1938,"M",17738
"109627","Michael",1938,"M",9079
"109937","Mary",1938,"M",284
"110820","Mary",1939,"F",54900
"111229","James",1939,"F",268
"111263","John",1939,"F",228
"111282","Robert",1939,"F",209
"111345","William",1939,"F",153
"111351","Charles",1939,"F",149
"111428","Richard",1939,"F",107
"111454","David",1939,"F",93
"111480","Michael",1939,"F",81
"111550","Joseph",1939,"F",60
"112125","Robert",1939,"M",59640
"112126","James",1939,"M",59627
"112127","John",1939,"M",51021
"112128","William",1939,"M",42074
"112129","Richard",1939,"M",35367
"112130","Charles",1939,"M",30782
"112131","David",1939,"M",25359
"112136","Joseph",1939,"M",17715
"112142","Michael",1939,"M",10824
"112464","Mary",1939,"M",272
"113328","Mary",1940,"F",56195
"113749","James",1940,"F",259
"113788","John",1940,"F",208
"113792","Robert",1940,"F",206
"113872","William",1940,"F",151
"113895","Charles",1940,"F",140
"113941","Richard",1940,"F",108
"113993","David",1940,"F",84
"114012","Michael",1940,"F",80
"114062","Joseph",1940,"F",64
"114640","James",1940,"M",62472
"114641","Robert",1940,"M",61192
"114642","John",1940,"M",54763
"114643","William",1940,"M",44768
"114644","Richard",1940,"M",37414
"114645","Charles",1940,"M",31678
"114646","David",1940,"M",27683
"114651","Joseph",1940,"M",18201
"114657","Michael",1940,"M",13231
"114966","Mary",1940,"M",303
"115863","Mary",1941,"F",58031
"116290","James",1941,"F",255
"116330","John",1941,"F",221
"116354","Robert",1941,"F",196
"116408","Charles",1941,"F",154
"116435","William",1941,"F",139
"116469","Richard",1941,"F",120
"116513","Michael",1941,"F",97
"116522","David",1941,"F",94
"116609","Joseph",1941,"F",66
"117177","James",1941,"M",66719
"117178","Robert",1941,"M",64233
"117179","John",1941,"M",57511
"117180","William",1941,"M",47786
"117181","Richard",1941,"M",39101
"117182","Charles",1941,"M",32729
"117183","David",1941,"M",30551
"117188","Joseph",1941,"M",19799
"117192","Michael",1941,"M",15930
"117504","Mary",1941,"M",315
"118407","Mary",1942,"F",63238
"118835","James",1942,"F",282
"118877","John",1942,"F",240
"118912","Robert",1942,"F",209
"118953","William",1942,"F",170
"118960","Charles",1942,"F",164
"118971","Michael",1942,"F",157
"119025","Richard",1942,"F",127
"119053","David",1942,"F",114
"119138","Joseph",1942,"F",79
"119786","James",1942,"M",77173
"119787","Robert",1942,"M",71834
"119788","John",1942,"M",66021
"119789","William",1942,"M",54874
"119790","Richard",1942,"M",43581
"119791","David",1942,"M",35892
"119792","Charles",1942,"M",35842
"119796","Joseph",1942,"M",22423
"119798","Michael",1942,"M",21728
"120144","Mary",1942,"M",276
"121010","Mary",1943,"F",66171
"121459","James",1943,"F",271
"121471","Robert",1943,"F",250
"121493","John",1943,"F",229
"121547","Michael",1943,"F",188
"121560","Charles",1943,"F",176
"121569","William",1943,"F",168
"121652","Richard",1943,"F",119
"121676","David",1943,"F",110
"121793","Joseph",1943,"F",66
"122383","James",1943,"M",80248
"122384","Robert",1943,"M",74853
"122385","John",1943,"M",68917
"122386","William",1943,"M",55890
"122387","Richard",1943,"M",46331
"122388","David",1943,"M",37237
"122389","Charles",1943,"M",36624
"122392","Michael",1943,"M",24741
"122395","Joseph",1943,"M",22817
"122765","Mary",1943,"M",254
"123597","Mary",1944,"F",62463
"124059","James",1944,"F",237
"124110","Robert",1944,"F",193
"124123","John",1944,"F",180
"124142","Michael",1944,"F",168
"124180","Charles",1944,"F",142
"124190","William",1944,"F",136
"124284","David",1944,"F",100
"124291","Richard",1944,"F",97
"124334","Joseph",1944,"F",81
"124975","James",1944,"M",76944
"124976","Robert",1944,"M",70843
"124977","John",1944,"M",66610
"124978","William",1944,"M",52350
"124979","Richard",1944,"M",45632
"124980","David",1944,"M",37374
"124981","Charles",1944,"M",34644
"124983","Michael",1944,"M",26732
"124987","Joseph",1944,"M",21169
"125352","Mary",1944,"M",252
"126182","Mary",1945,"F",59284
"126633","James",1945,"F",246
"126689","Robert",1945,"F",199
"126691","John",1945,"F",198
"126746","Michael",1945,"F",158
"126767","William",1945,"F",142
"126799","Charles",1945,"F",126
"126850","Richard",1945,"F",106
"126897","David",1945,"F",87
"126986","Joseph",1945,"F",58
"127571","James",1945,"M",74450
"127572","Robert",1945,"M",69926
"127573","John",1945,"M",66123
"127574","William",1945,"M",50209
"127575","Richard",1945,"M",46045
"127576","David",1945,"M",37093
"127577","Charles",1945,"M",32461
"127579","Michael",1945,"M",29912
"127584","Joseph",1945,"M",20820
"127995","Mary",1945,"M",198
"128763","Mary",1946,"F",67463
"129250","James",1946,"F",250
"129290","Robert",1946,"F",215
"129297","John",1946,"F",208
"129350","Michael",1946,"F",170
"129362","William",1946,"F",157
"129406","Charles",1946,"F",134
"129447","Richard",1946,"F",120
"129488","David",1946,"F",105
"129606","Joseph",1946,"F",61
"130169","James",1946,"M",87425
"130170","Robert",1946,"M",84130
"130171","John",1946,"M",79248
"130172","William",1946,"M",60031
"130173","Richard",1946,"M",58859
"130174","David",1946,"M",46435
"130175","Michael",1946,"M",41178
"130177","Charles",1946,"M",38194
"130182","Joseph",1946,"M",24279
"130634","Mary",1946,"M",186
"131381","Mary",1947,"F",71684
"131888","James",1947,"F",257
"131921","Robert",1947,"F",236
"131956","John",1947,"F",203
"131986","Michael",1947,"F",172
"132010","William",1947,"F",155
"132037","Richard",1947,"F",144
"132048","Charles",1947,"F",138
"132119","David",1947,"F",111
"132224","Joseph",1947,"F",68
"132811","James",1947,"M",94755
"132812","Robert",1947,"M",91642
"132813","John",1947,"M",88318
"132814","William",1947,"M",66969
"132815","Richard",1947,"M",58499
"132816","David",1947,"M",57797
"132817","Michael",1947,"M",50495
"132819","Charles",1947,"M",40773
"132824","Joseph",1947,"M",27513
"133299","Mary",1947,"M",184
"134040","Mary",1948,"F",68595
"134551","James",1948,"F",251
"134610","Robert",1948,"F",208
"134623","John",1948,"F",192
"134649","Michael",1948,"F",169
"134669","William",1948,"F",157
"134678","Charles",1948,"F",151
"134749","David",1948,"F",123
"134758","Richard",1948,"F",120
"134879","Joseph",1948,"F",69
"135486","James",1948,"M",88596
"135487","Robert",1948,"M",85479
"135488","John",1948,"M",82826
"135489","William",1948,"M",61977
"135490","David",1948,"M",56611
"135491","Michael",1948,"M",52569
"135492","Richard",1948,"M",50959
"135494","Charles",1948,"M",38683
"135498","Joseph",1948,"M",26805
"135995","Mary",1948,"M",164
"136711","Mary",1949,"F",66862
"137212","James",1949,"F",257
"137281","Robert",1949,"F",202
"137284","John",1949,"F",199
"137292","Michael",1949,"F",189
"137378","Charles",1949,"F",141
"137412","William",1949,"F",128
"137433","David",1949,"F",116
"137442","Richard",1949,"F",115
"137611","Joseph",1949,"F",56
"138165","James",1949,"M",86856
"138166","Robert",1949,"M",83841
"138167","John",1949,"M",81154
"138168","William",1949,"M",61493
"138169","Michael",1949,"M",60041
"138170","David",1949,"M",59610
"138171","Richard",1949,"M",50942
"138173","Charles",1949,"M",40042
"138178","Joseph",1949,"M",26417
"138668","Mary",1949,"M",170
"139398","Mary",1950,"F",65460
"139908","James",1950,"F",252
"139975","Robert",1950,"F",203
"140008","John",1950,"F",180
"140011","Michael",1950,"F",179
"140047","Charles",1950,"F",155
"140082","David",1950,"F",135
"140105","William",1950,"F",126
"140183","Richard",1950,"F",97
"140282","Joseph",1950,"F",64
"140877","James",1950,"M",86221
"140878","Robert",1950,"M",83540
"140879","John",1950,"M",79410
"140880","Michael",1950,"M",65154
"140881","David",1950,"M",60733
"140882","William",1950,"M",60701
"140883","Richard",1950,"M",51009
"140885","Charles",1950,"M",39104
"140889","Joseph",1950,"M",27033
"141490","Mary",1950,"M",119
"142099","Mary",1951,"F",65689
"142611","James",1951,"F",259
"142681","Robert",1951,"F",208
"142686","John",1951,"F",204
"142736","Michael",1951,"F",172
"142763","Charles",1951,"F",153
"142867","William",1951,"F",108
"142887","David",1951,"F",102
"142915","Richard",1951,"F",94
"143033","Joseph",1951,"F",52
"143579","James",1951,"M",87175
"143580","Robert",1951,"M",86327
"143581","John",1951,"M",81512
"143582","Michael",1951,"M",72750
"143583","David",1951,"M",64741
"143584","William",1951,"M",62718
"143585","Richard",1951,"M",54485
"143587","Charles",1951,"M",39346
"143592","Joseph",1951,"M",28113
"144106","Mary",1951,"M",161
"144794","Mary",1952,"F",65681
"145313","James",1952,"F",261
"145405","John",1952,"F",196
"145409","Robert",1952,"F",195
"145415","Michael",1952,"F",190
"145479","William",1952,"F",146
"145501","David",1952,"F",134
"145539","Charles",1952,"F",121
"145586","Richard",1952,"F",105
"145683","Joseph",1952,"F",69
"146292","James",1952,"M",87083
"146293","Robert",1952,"M",86572
"146294","John",1952,"M",83121
"146295","Michael",1952,"M",79022
"146296","David",1952,"M",71762
"146297","William",1952,"M",63008
"146298","Richard",1952,"M",58349
"146300","Charles",1952,"M",38884
"146303","Joseph",1952,"M",28528
"146836","Mary",1952,"M",158
"147526","Mary",1953,"F",64337
"148083","James",1953,"F",237
"148088","Michael",1953,"F",236
"148099","Robert",1953,"F",228
"148195","John",1953,"F",162
"148218","David",1953,"F",151
"148245","Charles",1953,"F",139
"148253","Richard",1953,"F",136
"148259","William",1953,"F",133
"148467","Joseph",1953,"F",57
"149038","Robert",1953,"M",86135
"149039","James",1953,"M",85946
"149040","Michael",1953,"M",84164
"149041","John",1953,"M",80072
"149042","David",1953,"M",76037
"149043","William",1953,"M",61775
"149044","Richard",1953,"M",58285
"149046","Charles",1953,"M",38357
"149050","Joseph",1953,"M",29217
"149617","Mary",1953,"M",146
"150290","Mary",1954,"F",68001
"150877","James",1954,"F",226
"150889","Michael",1954,"F",216
"150926","Robert",1954,"F",191
"150940","John",1954,"F",185
"150989","David",1954,"F",153
"151041","William",1954,"F",130
"151047","Charles",1954,"F",127
"151099","Richard",1954,"F",106
"151179","Joseph",1954,"F",76
"151816","Michael",1954,"M",88485
"151817","James",1954,"M",86277
"151818","Robert",1954,"M",86258
"151819","John",1954,"M",81128
"151820","David",1954,"M",79528
"151821","William",1954,"M",61401
"151822","Richard",1954,"M",57007
"151825","Charles",1954,"M",37437
"151828","Joseph",1954,"M",31206
"152370","Mary",1954,"M",169
"153063","Mary",1955,"F",63160
"153622","Michael",1955,"F",251
"153629","James",1955,"F",246
"153642","Robert",1955,"F",235
"153707","John",1955,"F",186
"153779","David",1955,"F",149
"153782","Charles",1955,"F",147
"153833","Richard",1955,"F",126
"153853","William",1955,"F",116
"153946","Joseph",1955,"F",86
"154610","Michael",1955,"M",88283
"154611","David",1955,"M",86191
"154612","James",1955,"M",84130
"154613","Robert",1955,"M",83676
"154614","John",1955,"M",80018
"154615","William",1955,"M",59920
"154616","Richard",1955,"M",53523
"154620","Charles",1955,"M",35325
"154622","Joseph",1955,"M",31587
"155201","Mary",1955,"M",149
"155876","Mary",1956,"F",61751
"156453","James",1956,"F",249
"156459","Michael",1956,"F",244
"156479","John",1956,"F",222
"156493","Robert",1956,"F",214
"156592","Charles",1956,"F",158
"156593","David",1956,"F",158
"156599","William",1956,"F",157
"156646","Richard",1956,"F",130
"156779","Joseph",1956,"F",83
"157427","Michael",1956,"M",90633
"157428","James",1956,"M",84860
"157429","Robert",1956,"M",83903
"157430","David",1956,"M",81603
"157431","John",1956,"M",80760
"157432","William",1956,"M",58956
"157433","Richard",1956,"M",52879
"157437","Charles",1956,"M",35208
"157438","Joseph",1956,"M",32702
"158031","Mary",1956,"M",143
"158705","Mary",1957,"F",61096
"159262","James",1957,"F",281
"159286","Robert",1957,"F",255
"159290","Michael",1957,"F",254
"159320","John",1957,"F",225
"159409","David",1957,"F",166
"159412","William",1957,"F",166
"159439","Charles",1957,"F",154
"159519","Richard",1957,"F",117
"159584","Joseph",1957,"F",95
"160288","Michael",1957,"M",92709
"160289","James",1957,"M",84242
"160290","David",1957,"M",82367
"160291","Robert",1957,"M",81707
"160292","John",1957,"M",78983
"160293","William",1957,"M",56822
"160295","Richard",1957,"M",52400
"160298","Charles",1957,"M",34252
"160299","Joseph",1957,"M",31814
"160842","Mary",1957,"M",184
"161585","Mary",1958,"F",55850
"162135","Michael",1958,"F",295
"162170","James",1958,"F",252
"162187","Robert",1958,"F",235
"162223","John",1958,"F",207
"162227","David",1958,"F",205
"162297","William",1958,"F",161
"162371","Charles",1958,"F",129
"162398","Richard",1958,"F",118
"162505","Joseph",1958,"F",81
"163149","Michael",1958,"M",90519
"163150","David",1958,"M",82585
"163151","James",1958,"M",78731
"163152","Robert",1958,"M",77285
"163153","John",1958,"M",75986
"163154","William",1958,"M",54202
"163156","Richard",1958,"M",49958
"163159","Charles",1958,"M",32235
"163160","Joseph",1958,"M",30086
"163764","Mary",1958,"M",141
"164432","Mary",1959,"F",54473
"164981","James",1959,"F",296
"164995","Michael",1959,"F",284
"165041","David",1959,"F",238
"165042","Robert",1959,"F",237
"165048","John",1959,"F",231
"165163","William",1959,"F",157
"165173","Charles",1959,"F",150
"165226","Richard",1959,"F",131
"165322","Joseph",1959,"F",92
"166023","Michael",1959,"M",85272
"166024","David",1959,"M",83921
"166025","James",1959,"M",78597
"166026","John",1959,"M",76428
"166027","Robert",1959,"M",74506
"166029","William",1959,"M",51377
"166030","Richard",1959,"M",47176
"166033","Charles",1959,"M",30767
"166035","Joseph",1959,"M",29527
"166598","Mary",1959,"M",170
"167326","Mary",1960,"F",51479
"167858","Michael",1960,"F",318
"167887","James",1960,"F",288
"167908","Robert",1960,"F",271
"167939","John",1960,"F",242
"167966","David",1960,"F",222
"168050","William",1960,"F",164
"168119","Charles",1960,"F",133
"168140","Richard",1960,"F",124
"168147","Joseph",1960,"F",120
"168922","David",1960,"M",85931
"168923","Michael",1960,"M",84206
"168924","James",1960,"M",76872
"168925","John",1960,"M",76121
"168926","Robert",1960,"M",72386
"168928","William",1960,"M",49349
"168929","Richard",1960,"M",43562
"168933","Joseph",1960,"M",29757
"168934","Charles",1960,"M",29691
"169503","Mary",1960,"M",169
"170231","Mary",1961,"F",47667
"170765","Michael",1961,"F",326
"170802","Robert",1961,"F",289
"170805","James",1961,"F",286
"170813","John",1961,"F",277
"170871","David",1961,"F",234
"170906","William",1961,"F",204
"171028","Richard",1961,"F",130
"171058","Charles",1961,"F",119
"171080","Joseph",1961,"F",112
"171836","Michael",1961,"M",86916
"171837","David",1961,"M",84771
"171838","John",1961,"M",79904
"171839","James",1961,"M",75896
"171840","Robert",1961,"M",72908
"171842","William",1961,"M",48012
"171843","Richard",1961,"M",41119
"171847","Joseph",1961,"M",29447
"171848","Charles",1961,"M",29190
"172421","Mary",1961,"M",167
"173155","Mary",1962,"F",43497
"173668","Michael",1962,"F",355
"173717","David",1962,"F",291
"173726","John",1962,"F",284
"173751","James",1962,"F",262
"173791","Robert",1962,"F",229
"173863","William",1962,"F",175
"173924","Richard",1962,"F",140
"173962","Charles",1962,"F",120
"174011","Joseph",1962,"F",105
"174786","Michael",1962,"M",85046
"174787","David",1962,"M",81328
"174788","John",1962,"M",78447
"174789","James",1962,"M",72563
"174790","Robert",1962,"M",70214
"174792","William",1962,"M",44862
"174793","Richard",1962,"M",39424
"174798","Joseph",1962,"M",30093
"174800","Charles",1962,"M",27590
"175374","Mary",1962,"M",158
"176117","Mary",1963,"F",41548
"176609","Michael",1963,"F",377
"176653","James",1963,"F",311
"176717","John",1963,"F",260
"176720","Robert",1963,"F",256
"176739","David",1963,"F",236
"176817","William",1963,"F",181
"176864","Richard",1963,"F",154
"176892","Charles",1963,"F",137
"176894","Joseph",1963,"F",137
"177753","Michael",1963,"M",83795
"177754","John",1963,"M",78647
"177755","David",1963,"M",78482
"177756","James",1963,"M",71332
"177757","Robert",1963,"M",70024
"177759","William",1963,"M",44481
"177760","Richard",1963,"M",40780
"177765","Joseph",1963,"M",30100
"177768","Charles",1963,"M",26799
"178385","Mary",1963,"M",136
"179086","Mary",1964,"F",40986
"179631","James",1964,"F",317
"179640","Michael",1964,"F",301
"179664","Robert",1964,"F",278
"179685","John",1964,"F",264
"179706","David",1964,"F",249
"179828","William",1964,"F",157
"179859","Richard",1964,"F",136
"179877","Charles",1964,"F",128
"179898","Joseph",1964,"F",119
"180730","Michael",1964,"M",82674
"180731","John",1964,"M",82536
"180732","David",1964,"M",75066
"180733","James",1964,"M",73050
"180734","Robert",1964,"M",69994
"180736","William",1964,"M",44249
"180737","Richard",1964,"M",40106
"180740","Joseph",1964,"M",30568
"180746","Charles",1964,"M",25903
"181359","Mary",1964,"M",134
"182060","Mary",1965,"F",34270
"182556","Michael",1965,"F",355
"182596","James",1965,"F",303
"182652","Robert",1965,"F",255
"182656","John",1965,"F",252
"182695","David",1965,"F",220
"182781","William",1965,"F",157
"182821","Charles",1965,"F",134
"182823","Richard",1965,"F",134
"182847","Joseph",1965,"F",120
"183698","Michael",1965,"M",81048
"183699","John",1965,"M",71563
"183700","David",1965,"M",67886
"183701","James",1965,"M",67707
"183702","Robert",1965,"M",63146
"183703","William",1965,"M",40149
"183705","Richard",1965,"M",36858
"183708","Joseph",1965,"M",28662
"183717","Charles",1965,"M",23495
"184307","Mary",1965,"M",136
"185007","Mary",1966,"F",28884
"185509","Michael",1966,"F",346
"185547","James",1966,"F",297
"185562","John",1966,"F",284
"185590","Robert",1966,"F",251
"185617","David",1966,"F",230
"185690","William",1966,"F",180
"185748","Richard",1966,"F",145
"185781","Charles",1966,"F",128
"185860","Joseph",1966,"F",100
"186656","Michael",1966,"M",80002
"186657","David",1966,"M",66447
"186658","James",1966,"M",65193
"186659","John",1966,"M",65056
"186660","Robert",1966,"M",59350
"186661","William",1966,"M",38272
"186663","Richard",1966,"M",34468
"186670","Joseph",1966,"M",26992
"186675","Charles",1966,"M",22272
"187322","Mary",1966,"M",108
"187978","Mary",1967,"F",25314
"188468","Michael",1967,"F",372
"188499","James",1967,"F",312
"188519","John",1967,"F",289
"188525","David",1967,"F",283
"188559","Robert",1967,"F",255
"188646","William",1967,"F",186
"188680","Richard",1967,"F",166
"188760","Charles",1967,"F",123
"188765","Joseph",1967,"F",122
"189653","Michael",1967,"M",82454
"189654","David",1967,"M",66805
"189655","James",1967,"M",61704
"189656","John",1967,"M",61629
"189657","Robert",1967,"M",56385
"189658","William",1967,"M",37623
"189660","Richard",1967,"M",33592
"189667","Joseph",1967,"M",25941
"189672","Charles",1967,"M",21295
"190284","Mary",1967,"M",127
"190989","Mary",1968,"F",21722
"191418","Michael",1968,"F",474
"191520","James",1968,"F",312
"191525","John",1968,"F",306
"191554","David",1968,"F",265
"191555","Robert",1968,"F",265
"191643","William",1968,"F",190
"191693","Richard",1968,"F",162
"191758","Joseph",1968,"F",134
"191765","Charles",1968,"F",130
"192681","Michael",1968,"M",82019
"192682","David",1968,"M",63739
"192683","John",1968,"M",60924
"192684","James",1968,"M",60730
"192685","Robert",1968,"M",58229
"192686","William",1968,"M",36968
"192688","Richard",1968,"M",33000
"192696","Joseph",1968,"M",25404
"192700","Charles",1968,"M",21576
"193369","Mary",1968,"M",101
"194034","Mary",1969,"F",19851
"194472","Michael",1969,"F",457
"194556","Robert",1969,"F",335
"194560","James",1969,"F",329
"194584","David",1969,"F",296
"194595","John",1969,"F",288
"194688","William",1969,"F",199
"194732","Richard",1969,"F",174
"194761","Joseph",1969,"F",154
"194810","Charles",1969,"F",135
"195760","Michael",1969,"M",85227
"195761","David",1969,"M",63728
"195762","James",1969,"M",59940
"195763","John",1969,"M",58791
"195764","Robert",1969,"M",58342
"195765","William",1969,"M",37644
"195769","Richard",1969,"M",31102
"195774","Joseph",1969,"M",26200
"195778","Charles",1969,"M",21684
"196461","Mary",1969,"M",108
"197133","Mary",1970,"F",19201
"197583","Michael",1970,"F",457
"197653","James",1970,"F",354
"197676","Robert",1970,"F",328
"197710","John",1970,"F",290
"197711","David",1970,"F",289
"197791","William",1970,"F",204
"197871","Richard",1970,"F",160
"197896","Charles",1970,"F",149
"197915","Joseph",1970,"F",138
"198886","Michael",1970,"M",85321
"198887","David",1970,"M",61776
"198888","James",1970,"M",61775
"198889","John",1970,"M",58540
"198890","Robert",1970,"M",57213
"198892","William",1970,"M",38913
"198895","Richard",1970,"M",30467
"198901","Joseph",1970,"M",26734
"198906","Charles",1970,"M",22429
"199629","Mary",1970,"M",99
"200282","Mary",1971,"F",16698
"200719","Michael",1971,"F",459
"200835","James",1971,"F",302
"200843","Robert",1971,"F",297
"200869","John",1971,"F",272
"200882","David",1971,"F",260
"200953","William",1971,"F",201
"201041","Joseph",1971,"F",148
"201047","Charles",1971,"F",145
"201049","Richard",1971,"F",144
"202060","Michael",1971,"M",77611
"202061","James",1971,"M",54608
"202062","David",1971,"M",53136
"202063","John",1971,"M",51519
"202064","Robert",1971,"M",50656
"202066","William",1971,"M",35442
"202070","Richard",1971,"M",26166
"202074","Joseph",1971,"M",24512
"202081","Charles",1971,"M",19852
"202838","Mary",1971,"M",86
"203469","Mary",1972,"F",13762
"203884","Michael",1972,"F",451
"203991","James",1972,"F",299
"204006","Robert",1972,"F",288
"204067","David",1972,"F",237
"204085","John",1972,"F",224
"204131","William",1972,"F",193
"204228","Richard",1972,"F",139
"204254","Joseph",1972,"F",128
"204272","Charles",1972,"F",122
"205242","Michael",1972,"M",71426
"205244","James",1972,"M",47084
"205245","David",1972,"M",46382
"205246","John",1972,"M",43183
"205247","Robert",1972,"M",43035
"205250","William",1972,"M",30529
"205253","Joseph",1972,"M",22465
"205255","Richard",1972,"M",22322
"205264","Charles",1972,"M",16981
"206045","Mary",1972,"M",74
"206644","Mary",1973,"F",12321
"207056","Michael",1973,"F",451
"207144","James",1973,"F",317
"207216","Robert",1973,"F",249
"207245","John",1973,"F",229
"207251","David",1973,"F",225
"207352","William",1973,"F",162
"207405","Richard",1973,"F",138
"207416","Joseph",1973,"F",134
"207468","Charles",1973,"F",117
"208404","Michael",1973,"M",67864
"208407","James",1973,"M",42896
"208408","David",1973,"M",41110
"208409","John",1973,"M",39175
"208410","Robert",1973,"M",38721
"208412","William",1973,"M",28024
"208415","Joseph",1973,"M",21324
"208419","Richard",1973,"M",19953
"208426","Charles",1973,"M",15756
"209270","Mary",1973,"M",54
"209806","Mary",1974,"F",11750
"210183","Michael",1974,"F",525
"210377","John",1974,"F",253
"210381","James",1974,"F",251
"210391","Robert",1974,"F",242
"210403","David",1974,"F",234
"210512","William",1974,"F",169
"210614","Joseph",1974,"F",124
"210678","Charles",1974,"F",102
"210721","Richard",1974,"F",90
"211583","Michael",1974,"M",67577
"211586","David",1974,"M",41798
"211587","James",1974,"M",41365
"211588","John",1974,"M",37655
"211589","Robert",1974,"M",37046
"211592","William",1974,"M",26997
"211594","Joseph",1974,"M",21844
"211599","Richard",1974,"M",18656
"211605","Charles",1974,"M",15157
"212428","Mary",1974,"M",61
"213018","Mary",1975,"F",10964
"213370","Michael",1975,"F",557
"213586","James",1975,"F",253
"213597","Robert",1975,"F",244
"213604","David",1975,"F",237
"213612","John",1975,"F",232
"213737","William",1975,"F",163
"213807","Joseph",1975,"F",132
"213809","Richard",1975,"F",130
"213810","Charles",1975,"F",129
"214824","Michael",1975,"M",68457
"214827","James",1975,"M",39595
"214828","David",1975,"M",39172
"214829","Robert",1975,"M",35337
"214830","John",1975,"M",35098
"214833","William",1975,"M",25581
"214835","Joseph",1975,"M",22144
"214839","Richard",1975,"M",17681
"214848","Charles",1975,"M",14577
"215658","Mary",1975,"M",66
"216263","Mary",1976,"F",10326
"216632","Michael",1976,"F",515
"216824","James",1976,"F",253
"216849","Robert",1976,"F",236
"216856","David",1976,"F",229
"216886","John",1976,"F",210
"216912","William",1976,"F",200
"217023","Joseph",1976,"F",141
"217068","Richard",1976,"F",128
"217136","Charles",1976,"F",106
"218057","Michael",1976,"M",66971
"218060","David",1976,"M",39296
"218061","James",1976,"M",38311
"218062","John",1976,"M",33989
"218063","Robert",1976,"M",33815
"218067","William",1976,"M",24446
"218068","Joseph",1976,"M",24074
"218075","Richard",1976,"M",16766
"218082","Charles",1976,"M",13934
"218909","Mary",1976,"M",62
"219480","Mary",1977,"F",10661
"219833","Michael",1977,"F",561
"220036","James",1977,"F",273
"220060","David",1977,"F",252
"220075","Robert",1977,"F",238
"220108","John",1977,"F",218
"220170","William",1977,"F",187
"220198","Joseph",1977,"F",176
"220293","Richard",1977,"F",131
"220428","Charles",1977,"F",88
"221302","Michael",1977,"M",67611
"221305","David",1977,"M",40548
"221306","James",1977,"M",40051
"221307","John",1977,"M",34232
"221308","Robert",1977,"M",34221
"221311","Joseph",1977,"M",26487
"221313","William",1977,"M",24775
"221321","Richard",1977,"M",17450
"221327","Charles",1977,"M",14745
"222213","Mary",1977,"M",52
"222743","Mary",1978,"F",10047
"223100","Michael",1978,"F",545
"223306","James",1978,"F",269
"223319","Robert",1978,"F",255
"223330","David",1978,"F",245
"223370","John",1978,"F",221
"223427","William",1978,"F",187
"223444","Joseph",1978,"F",181
"223602","Charles",1978,"F",118
"223682","Richard",1978,"F",95
"224582","Michael",1978,"M",67153
"224585","David",1978,"M",40698
"224586","James",1978,"M",39908
"224588","John",1978,"M",34026
"224589","Robert",1978,"M",33381
"224591","Joseph",1978,"M",26679
"224594","William",1978,"M",24186
"224603","Richard",1978,"M",16730
"224608","Charles",1978,"M",14852
"225450","Mary",1978,"M",61
"226021","Mary",1979,"F",10554
"226390","Michael",1979,"F",553
"226579","David",1979,"F",285
"226614","James",1979,"F",261
"226624","Robert",1979,"F",252
"226632","John",1979,"F",245
"226690","Joseph",1979,"F",209
"226721","William",1979,"F",191
"226864","Charles",1979,"F",130
"226884","Richard",1979,"F",123
"227859","Michael",1979,"M",67728
"227862","David",1979,"M",42069
"227863","James",1979,"M",39371
"227865","John",1979,"M",35434
"227866","Robert",1979,"M",34025
"227869","Joseph",1979,"M",28665
"227871","William",1979,"M",24694
"227883","Richard",1979,"M",16723
"227886","Charles",1979,"M",14828
"228728","Mary",1979,"M",65
"229332","Mary",1980,"F",11473
"229714","Michael",1980,"F",546
"229905","David",1980,"F",291
"229936","James",1980,"F",271
"229953","Robert",1980,"F",254
"229957","John",1980,"F",251
"230004","Joseph",1980,"F",217
"230005","William",1980,"F",216
"230203","Richard",1980,"F",121
"230221","Charles",1980,"F",116
"231192","Michael",1980,"M",68666
"231195","David",1980,"M",41913
"231196","James",1980,"M",39312
"231199","John",1980,"M",35263
"231200","Robert",1980,"M",34273
"231201","Joseph",1980,"M",30189
"231205","William",1980,"M",25659
"231217","Richard",1980,"M",16658
"231220","Charles",1980,"M",14957
"232121","Mary",1980,"M",52
"232679","Mary",1981,"F",11037
"233091","Michael",1981,"F",487
"233278","James",1981,"F",273
"233333","Robert",1981,"F",228
"233340","David",1981,"F",224
"233387","John",1981,"F",196
"233403","Joseph",1981,"F",185
"233432","William",1981,"F",171
"233582","Richard",1981,"F",115
"233620","Charles",1981,"F",102
"234531","Michael",1981,"M",68752
"234535","David",1981,"M",40643
"234537","James",1981,"M",38301
"234538","John",1981,"M",34877
"234539","Robert",1981,"M",34388
"234541","Joseph",1981,"M",30765
"234545","William",1981,"M",24796
"234557","Richard",1981,"M",16856
"234561","Charles",1981,"M",14429
"235408","Mary",1981,"M",67
"236031","Mary",1982,"F",10850
"236403","Michael",1982,"F",576
"236566","James",1982,"F",316
"236671","David",1982,"F",249
"236689","John",1982,"F",234
"236691","Robert",1982,"F",233
"236743","Joseph",1982,"F",195
"236775","William",1982,"F",178
"236898","Richard",1982,"F",132
"236919","Charles",1982,"F",124
"237897","Michael",1982,"M",68204
"237901","David",1982,"M",40441
"237902","James",1982,"M",38867
"237904","John",1982,"M",34683
"237905","Robert",1982,"M",34411
"237907","Joseph",1982,"M",31038
"237911","William",1982,"M",25594
"237923","Richard",1982,"M",16706
"237927","Charles",1982,"M",14303
"238761","Mary",1982,"M",73
"239398","Mary",1983,"F",9893
"239750","Michael",1983,"F",577
"239922","David",1983,"F",321
"239967","James",1983,"F",282
"239988","John",1983,"F",266
"240010","Robert",1983,"F",255
"240078","Joseph",1983,"F",211
"240122","William",1983,"F",186
"240273","Richard",1983,"F",127
"240284","Charles",1983,"F",121
"241280","Michael",1983,"M",67986
"241283","David",1983,"M",39192
"241285","James",1983,"M",36336
"241288","John",1983,"M",33142
"241289","Robert",1983,"M",32739
"241290","Joseph",1983,"M",30447
"241295","William",1983,"M",25379
"241306","Richard",1983,"M",15890
"241312","Charles",1983,"M",13209
"242188","Mary",1983,"M",57
"242792","Mary",1984,"F",9288
"243178","Michael",1984,"F",508
"243425","James",1984,"F",238
"243428","John",1984,"F",237
"243432","David",1984,"F",234
"243442","Robert",1984,"F",230
"243474","Joseph",1984,"F",211
"243577","William",1984,"F",158
"243703","Charles",1984,"F",112
"243721","Richard",1984,"F",106
"244651","Michael",1984,"M",67722
"244655","David",1984,"M",38471
"244657","James",1984,"M",35843
"244658","John",1984,"M",32591
"244659","Robert",1984,"M",31752
"244660","Joseph",1984,"M",30506
"244666","William",1984,"M",24898
"244677","Richard",1984,"M",15591
"244683","Charles",1984,"M",12939
"245562","Mary",1984,"M",56
"246168","Mary",1985,"F",9239
"246551","Michael",1985,"F",531
"246746","David",1985,"F",291
"246751","James",1985,"F",287
"246813","Robert",1985,"F",238
"246826","John",1985,"F",233
"246835","Joseph",1985,"F",227
"246921","William",1985,"F",183
"247077","Richard",1985,"F",116
"247108","Charles",1985,"F",106
"248059","Michael",1985,"M",64887
"248064","David",1985,"M",38502
"248065","James",1985,"M",35840
"248066","Robert",1985,"M",32078
"248067","John",1985,"M",31490
"248068","Joseph",1985,"M",30209
"248074","William",1985,"M",24603
"248086","Richard",1985,"M",15327
"248092","Charles",1985,"M",12890
"248947","Mary",1985,"M",67
"249594","Mary",1986,"F",8503
"249948","Michael",1986,"F",590
"250193","David",1986,"F",274
"250197","James",1986,"F",273
"250243","Robert",1986,"F",241
"250274","John",1986,"F",220
"250295","Joseph",1986,"F",208
"250379","William",1986,"F",165
"250484","Richard",1986,"F",122
"250610","Charles",1986,"F",85
"251498","Michael",1986,"M",64184
"251502","David",1986,"M",37133
"251504","James",1986,"M",34026
"251506","Robert",1986,"M",31332
"251507","John",1986,"M",30183
"251509","Joseph",1986,"M",28820
"251512","William",1986,"M",24320
"251526","Richard",1986,"M",15006
"251531","Charles",1986,"M",12619
"252462","Mary",1986,"M",47
"253031","Mary",1987,"F",8395
"253402","Michael",1987,"F",544
"253665","David",1987,"F",252
"253678","James",1987,"F",246
"253726","Robert",1987,"F",219
"253732","Joseph",1987,"F",217
"253766","John",1987,"F",197
"253816","William",1987,"F",169
"253962","Richard",1987,"F",111
"254074","Charles",1987,"F",82
"254943","Michael",1987,"M",63631
"254947","David",1987,"M",36776
"254950","James",1987,"M",32628
"254952","Robert",1987,"M",30232
"254953","John",1987,"M",29533
"254954","Joseph",1987,"M",28503
"254957","William",1987,"M",24197
"254972","Richard",1987,"M",14392
"254977","Charles",1987,"M",12164
"255828","Mary",1987,"M",69
"256481","Mary",1988,"F",8508
"256911","Michael",1988,"F",480
"257142","David",1988,"F",250
"257154","James",1988,"F",244
"257255","Joseph",1988,"F",182
"257256","Robert",1988,"F",182
"257287","John",1988,"F",167
"257297","William",1988,"F",164
"257439","Richard",1988,"F",111
"257500","Charles",1988,"F",91
"258376","Michael",1988,"M",64116
"258381","David",1988,"M",35304
"258384","James",1988,"M",32490
"258385","Robert",1988,"M",30306
"258386","John",1988,"M",29390
"258387","Joseph",1988,"M",28997
"258391","William",1988,"M",24112
"258407","Richard",1988,"M",14136
"258412","Charles",1988,"M",12097
"259344","Mary",1988,"M",48
"259915","Mary",1989,"F",8642
"260442","Michael",1989,"F",363
"260708","James",1989,"F",176
"260777","David",1989,"F",148
"260808","Joseph",1989,"F",139
"260819","John",1989,"F",134
"260848","Robert",1989,"F",126
"260926","William",1989,"F",94
"261028","Richard",1989,"F",69
"261066","Charles",1989,"F",60
"261792","Michael",1989,"M",65374
"261796","David",1989,"M",35203
"261800","James",1989,"M",32695
"261801","Robert",1989,"M",30064
"261802","Joseph",1989,"M",29871
"261803","John",1989,"M",29836
"261806","William",1989,"M",24673
"261824","Richard",1989,"M",14133
"261827","Charles",1989,"M",12244
"262705","Mary",1989,"M",74
"263434","Mary",1990,"F",8664
"264083","Michael",1990,"F",277
"264379","David",1990,"F",120
"264393","James",1990,"F",115
"264418","Robert",1990,"F",109
"264501","Joseph",1990,"F",84
"264512","John",1990,"F",81
"264584","William",1990,"F",61
"264621","Richard",1990,"F",54
"264674","Charles",1990,"F",42
"265294","Michael",1990,"M",65274
"265299","David",1990,"M",33741
"265301","James",1990,"M",32344
"265303","Joseph",1990,"M",30122
"265305","John",1990,"M",29067
"265306","Robert",1990,"M",28864
"265309","William",1990,"M",24884
"265328","Richard",1990,"M",13575
"265331","Charles",1990,"M",11990
"266292","Mary",1990,"M",45
"266826","Mary",1991,"F",8756
"267495","Michael",1991,"F",267
"267855","James",1991,"F",95
"267857","David",1991,"F",94
"267873","Joseph",1991,"F",88
"267917","Robert",1991,"F",77
"267972","John",1991,"F",63
"268005","William",1991,"F",56
"268007","Richard",1991,"F",55
"268125","Charles",1991,"F",34
"268693","Michael",1991,"M",60781
"268699","James",1991,"M",30501
"268700","David",1991,"M",30414
"268701","Joseph",1991,"M",29835
"268702","John",1991,"M",27798
"268705","Robert",1991,"M",26827
"268711","William",1991,"M",23863
"268726","Richard",1991,"M",12550
"268730","Charles",1991,"M",11334
"269738","Mary",1991,"M",32
"270166","Mary",1992,"F",8452
"270858","Michael",1992,"F",258
"271136","David",1992,"F",117
"271271","James",1992,"F",70
"271280","Joseph",1992,"F",68
"271320","William",1992,"F",60
"271329","Robert",1992,"F",59
"271340","John",1992,"F",56
"271477","Charles",1992,"F",32
"271480","Richard",1992,"F",32
"272012","Michael",1992,"M",54377
"272020","James",1992,"M",28502
"272021","David",1992,"M",28403
"272022","Joseph",1992,"M",27886
"272025","John",1992,"M",26240
"272028","Robert",1992,"M",24086
"272031","William",1992,"M",23060
"272052","Richard",1992,"M",11326
"272054","Charles",1992,"M",10464
"273095","Mary",1992,"M",25
"273462","Mary",1993,"F",8110
"274201","Michael",1993,"F",222
"274512","David",1993,"F",89
"274552","James",1993,"F",75
"274580","Robert",1993,"F",70
"274583","John",1993,"F",69
"274591","Joseph",1993,"F",67
"274733","William",1993,"F",41
"274819","Charles",1993,"F",28
"274829","Richard",1993,"F",28
"275319","Michael",1993,"M",49553
"275329","David",1993,"M",27017
"275330","Joseph",1993,"M",27004
"275332","James",1993,"M",26249
"275334","John",1993,"M",24989
"275335","Robert",1993,"M",22444
"275336","William",1993,"M",22208
"275358","Richard",1993,"M",10227
"275362","Charles",1993,"M",9855
"276458","Mary",1993,"M",18
"276783","Mary",1994,"F",7746
"277580","Michael",1994,"F",191
"277867","Joseph",1994,"F",77
"277873","David",1994,"F",76
"277911","James",1994,"F",67
"277976","Robert",1994,"F",52
"277994","John",1994,"F",48
"278007","William",1994,"F",46
"278085","Richard",1994,"F",36
"278241","Charles",1994,"F",19
"278634","Michael",1994,"M",44465
"278644","Joseph",1994,"M",25723
"278646","David",1994,"M",24858
"278647","James",1994,"M",24764
"278648","John",1994,"M",24173
"278652","William",1994,"M",21486
"278654","Robert",1994,"M",20555
"278674","Richard",1994,"M",9513
"278676","Charles",1994,"M",9015
"279872","Mary",1994,"M",10
"280065","Mary",1995,"F",7433
"280914","Michael",1995,"F",167
"281166","David",1995,"F",70
"281202","Joseph",1995,"F",62
"281227","James",1995,"F",57
"281287","William",1995,"F",46
"281288","John",1995,"F",45
"281299","Robert",1995,"F",44
"281473","Charles",1995,"F",22
"281480","Richard",1995,"F",22
"281907","Michael",1995,"M",41403
"281918","Joseph",1995,"M",25337
"281919","John",1995,"M",23230
"281922","David",1995,"M",23029
"281923","James",1995,"M",22727
"281926","William",1995,"M",20153
"281928","Robert",1995,"M",18583
"281948","Richard",1995,"M",8782
"281950","Charles",1995,"M",8474
"283086","Mary",1995,"M",13
"283332","Mary",1996,"F",6942
"284202","Michael",1996,"F",157
"284474","David",1996,"F",62
"284476","James",1996,"F",62
"284513","Joseph",1996,"F",52
"284577","William",1996,"F",41
"284604","John",1996,"F",37
"284609","Robert",1996,"F",37
"284679","Richard",1996,"F",29
"284771","Charles",1996,"F",19
"285161","Michael",1996,"M",38364
"285172","Joseph",1996,"M",24744
"285173","David",1996,"M",22993
"285175","John",1996,"M",22164
"285177","James",1996,"M",21152
"285178","William",1996,"M",20538
"285183","Robert",1996,"M",17669
"285203","Charles",1996,"M",8247
"285205","Richard",1996,"M",8179
"286305","Mary",1996,"M",15
"286564","Mary",1997,"F",6626
"287473","Michael",1997,"F",142
"287765","Joseph",1997,"F",45
"287786","James",1997,"F",42
"287817","David",1997,"F",37
"287834","Robert",1997,"F",36
"287897","John",1997,"F",29
"287927","William",1997,"F",26
"288039","Richard",1997,"F",16
"288047","Charles",1997,"F",15
"288367","Michael",1997,"M",37543
"288378","Joseph",1997,"M",23581
"288380","David",1997,"M",21869
"288381","John",1997,"M",21369
"288383","James",1997,"M",20399
"288385","William",1997,"M",20006
"288389","Robert",1997,"M",16301
"288415","Charles",1997,"M",7655
"288417","Richard",1997,"M",7241
"289521","Mary",1997,"M",13
"289752","Mary",1998,"F",6429
"290685","Michael",1998,"F",128
"290951","Joseph",1998,"F",50
"290973","James",1998,"F",45
"290991","David",1998,"F",42
"291032","William",1998,"F",36
"291094","Robert",1998,"F",28
"291102","John",1998,"F",27
"291273","Richard",1998,"F",14
"291324","Charles",1998,"F",11
"291544","Michael",1998,"M",36613
"291554","Joseph",1998,"M",23170
"291556","David",1998,"M",20869
"291557","William",1998,"M",20825
"291558","John",1998,"M",20612
"291561","James",1998,"M",19682
"291566","Robert",1998,"M",15524
"291591","Charles",1998,"M",7846
"291598","Richard",1998,"M",6952
"292686","Mary",1998,"M",14
"292928","Mary",1999,"F",6359
"293877","Michael",1999,"F",123
"294148","Joseph",1999,"F",44
"294155","David",1999,"F",43
"294174","James",1999,"F",40
"294180","John",1999,"F",39
"294283","William",1999,"F",26
"294300","Robert",1999,"F",24
"294488","Richard",1999,"F",12
"294498","Charles",1999,"F",11
"294712","Michael",1999,"M",33905
"294718","Joseph",1999,"M",23203
"294724","William",1999,"M",20708
"294725","John",1999,"M",20338
"294726","David",1999,"M",20318
"294729","James",1999,"M",18550
"294736","Robert",1999,"M",14535
"294760","Charles",1999,"M",7524
"294771","Richard",1999,"M",6499
"295890","Mary",1999,"M",11
"296088","Mary",2000,"F",6182
"297060","Michael",2000,"F",114
"297305","David",2000,"F",44
"297327","James",2000,"F",40
"297346","William",2000,"F",38
"297431","John",2000,"F",27
"297471","Joseph",2000,"F",24
"297487","Robert",2000,"F",23
"297592","Charles",2000,"F",14
"297663","Richard",2000,"F",11
"297878","Michael",2000,"M",32025
"297884","Joseph",2000,"M",22818
"297887","William",2000,"M",20650
"297890","John",2000,"M",20081
"297892","David",2000,"M",19749
"297894","James",2000,"M",17974
"297905","Robert",2000,"M",13733
"297927","Charles",2000,"M",7524
"297941","Richard",2000,"M",6351
"299066","Mary",2000,"M",10
"299262","Mary",2001,"F",5724
"300286","Michael",2001,"F",96
"300474","James",2001,"F",42
"300483","David",2001,"F",41
"300560","John",2001,"F",32
"300600","Joseph",2001,"F",27
"300631","William",2001,"F",24
"300666","Robert",2001,"F",21
"300704","Charles",2001,"F",17
"300826","Richard",2001,"F",11
"301037","Michael",2001,"M",29675
"301043","Joseph",2001,"M",21994
"301045","William",2001,"M",20094
"301047","David",2001,"M",19330
"301049","John",2001,"M",18878
"301054","James",2001,"M",17066
"301065","Robert",2001,"M",12659
"301090","Charles",2001,"M",7282
"301108","Richard",2001,"M",5767
"302178","Mary",2001,"M",13
"302412","Mary",2002,"F",5450
"303428","Michael",2002,"F",95
"303636","David",2002,"F",38
"303652","Joseph",2002,"F",35
"303667","William",2002,"F",34
"303698","James",2002,"F",31
"303799","John",2002,"F",21
"303911","Robert",2002,"F",14
"303975","Richard",2002,"F",11
"304050","Charles",2002,"F",7
"304165","Michael",2002,"M",28242
"304170","Joseph",2002,"M",21887
"304174","William",2002,"M",20117
"304176","David",2002,"M",18662
"304180","John",2002,"M",17437
"304181","James",2002,"M",16951
"304197","Robert",2002,"M",12023
"304221","Charles",2002,"M",7203
"304240","Richard",2002,"M",5317
"305314","Mary",2002,"M",12
"305545","Mary",2003,"F",5009
"306556","Michael",2003,"F",94
"306798","James",2003,"F",34
"306816","William",2003,"F",32
"306818","David",2003,"F",31
"306820","Joseph",2003,"F",31
"306825","John",2003,"F",30
"306996","Robert",2003,"F",16
"307101","Richard",2003,"F",10
"307139","Charles",2003,"F",8
"307284","Michael",2003,"M",27107
"307289","Joseph",2003,"M",21349
"307293","William",2003,"M",19987
"307296","David",2003,"M",18602
"307299","John",2003,"M",17221
"307300","James",2003,"M",16888
"307317","Robert",2003,"M",11386
"307339","Charles",2003,"M",7692
"307368","Richard",2003,"M",5052
"308484","Mary",2003,"M",9
"308672","Mary",2004,"F",4803
"309546","Michael",2004,"F",148
"309626","William",2004,"F",111
"309657","Joseph",2004,"F",103
"309689","James",2004,"F",95
"309773","John",2004,"F",71
"309793","David",2004,"F",66
"309843","Charles",2004,"F",54
"309948","Robert",2004,"F",35
"310064","Richard",2004,"F",23
"310477","Michael",2004,"M",25438
"310483","William",2004,"M",20221
"310484","Joseph",2004,"M",20113
"310489","David",2004,"M",18372
"310492","James",2004,"M",16451
"310493","John",2004,"M",16436
"310511","Robert",2004,"M",10672
"310531","Charles",2004,"M",7648
"310567","Richard",2004,"M",4843
"311533","Mary",2004,"M",31
"312000","Mary",2005,"F",4447
"313099","Michael",2005,"F",61
"313208","John",2005,"F",37
"313214","Joseph",2005,"F",36
"313278","William",2005,"F",28
"313293","James",2005,"F",26
"313308","David",2005,"F",25
"313418","Robert",2005,"F",17
"313420","Charles",2005,"F",16
"313721","Richard",2005,"F",5
"313727","Michael",2005,"M",23795
"313734","Joseph",2005,"M",19195
"313736","William",2005,"M",19041
"313738","David",2005,"M",18097
"313742","James",2005,"M",16120
"313743","John",2005,"M",15758
"313762","Robert",2005,"M",10147
"313781","Charles",2005,"M",7924
"313819","Richard",2005,"M",4662
"314913","Mary",2005,"M",10
"315139","Mary",2006,"F",4081
"316228","Michael",2006,"F",64
"316292","James",2006,"F",46
"316348","John",2006,"F",35
"316381","David",2006,"F",30
"316391","Joseph",2006,"F",29
"316530","William",2006,"F",18
"316574","Charles",2006,"F",14
"316656","Robert",2006,"F",11
"316722","Richard",2006,"F",8
"316840","Michael",2006,"M",22625
"316848","William",2006,"M",18941
"316849","Joseph",2006,"M",18427
"316851","David",2006,"M",17610
"316854","James",2006,"M",16226
"316857","John",2006,"M",15153
"316885","Robert",2006,"M",9891
"316898","Charles",2006,"M",8005
"316937","Richard",2006,"M",4466
"318022","Mary",2006,"M",10
"318248","Mary",2007,"F",3673
"319370","Michael",2007,"F",51
"319451","James",2007,"F",33
"319493","Joseph",2007,"F",28
"319514","William",2007,"F",26
"319532","David",2007,"F",24
"319560","John",2007,"F",22
"319711","Charles",2007,"F",12
"319782","Robert",2007,"F",9
"319811","Richard",2007,"F",8
"319934","Michael",2007,"M",21964
"319940","William",2007,"M",18869
"319944","David",2007,"M",17515
"319945","Joseph",2007,"M",17314
"319947","James",2007,"M",15941
"319951","John",2007,"M",14423
"319979","Robert",2007,"M",9366
"319994","Charles",2007,"M",7448
"320032","Richard",2007,"M",4416
"321099","Mary",2007,"M",10
"321340","Mary",2008,"F",3490
"322424","Michael",2008,"F",55
"322547","James",2008,"F",32
"322563","Joseph",2008,"F",30
"322590","William",2008,"F",28
"322647","David",2008,"F",22
"322662","John",2008,"F",21
"322686","Charles",2008,"F",19
"322927","Robert",2008,"F",7
"323009","Richard",2008,"F",5
"323019","Michael",2008,"M",20590
"323024","William",2008,"M",18380
"323030","Joseph",2008,"M",16543
"323031","David",2008,"M",16299
"323034","James",2008,"M",15154
"323037","John",2008,"M",13307
"323066","Robert",2008,"M",8819
"323080","Charles",2008,"M",7276
"323125","Richard",2008,"M",4052
"324418","Mary",2009,"F",3154
"325497","James",2009,"F",51
"325551","Michael",2009,"F",41
"325723","Joseph",2009,"F",20
"325774","David",2009,"F",16
"325802","William",2009,"F",15
"325880","John",2009,"F",11
"325887","Robert",2009,"F",11
"325984","Richard",2009,"F",7
"326065","Michael",2009,"M",18909
"326067","William",2009,"M",17899
"326076","David",2009,"M",15420
"326077","Joseph",2009,"M",14895
"326080","James",2009,"M",14175
"326089","John",2009,"M",12100
"326117","Robert",2009,"M",7812
"326125","Charles",2009,"M",7277
"326176","Richard",2009,"M",3604
"327442","Mary",2010,"F",2862
"328578","Michael",2010,"F",37
"328630","James",2010,"F",29
"328663","David",2010,"F",25
"328691","William",2010,"F",23
"328786","Joseph",2010,"F",16
"328859","Robert",2010,"F",12
"328898","John",2010,"F",10
"328928","Charles",2010,"F",8
"329066","Richard",2010,"F",5
"329076","Michael",2010,"M",17308
"329078","William",2010,"M",17030
"329088","David",2010,"M",14171
"329092","James",2010,"M",13852
"329093","Joseph",2010,"M",13798
"329099","John",2010,"M",11539
"329127","Robert",2010,"M",7539
"329136","Charles",2010,"M",7090
"329200","Richard",2010,"M",3228
"330456","Mary",2011,"F",2701
"331589","Michael",2011,"F",36
"331630","James",2011,"F",30
"331651","William",2011,"F",28
"331706","Joseph",2011,"F",23
"331729","John",2011,"F",21
"331755","David",2011,"F",19
"331918","Charles",2011,"F",9
"331942","Robert",2011,"F",9
"332094","William",2011,"M",17314
"332097","Michael",2011,"M",16744
"332108","James",2011,"M",13227
"332109","David",2011,"M",13194
"332113","Joseph",2011,"M",12918
"332118","John",2011,"M",11020
"332152","Charles",2011,"M",6972
"332153","Robert",2011,"M",6952
"332218","Richard",2011,"M",3157
"333478","Mary",2012,"F",2565
"334666","James",2012,"F",28
"334681","Michael",2012,"F",27
"334767","William",2012,"F",19
"334771","David",2012,"F",18
"334810","Joseph",2012,"F",16
"334842","Charles",2012,"F",14
"334901","John",2012,"F",11
"335014","Robert",2012,"F",7
"335087","Richard",2012,"F",5
"335101","William",2012,"M",16844
"335103","Michael",2012,"M",16106
"335110","James",2012,"M",13385
"335115","Joseph",2012,"M",12503
"335116","David",2012,"M",12494
"335124","John",2012,"M",10593
"335157","Robert",2012,"M",6926
"335158","Charles",2012,"M",6920
"335220","Richard",2012,"M",3011
"336298","Mary",2012,"M",6
"336461","Mary",2013,"F",2632
"337575","Michael",2013,"F",39
"337649","James",2013,"F",28
"337735","Joseph",2013,"F",20
"337790","John",2013,"F",16
"337802","Charles",2013,"F",15
"337805","David",2013,"F",15
"337841","William",2013,"F",14
"337964","Robert",2013,"F",8
"338084","William",2013,"M",16570
"338086","Michael",2013,"M",15426
"338092","James",2013,"M",13502
"338097","David",2013,"M",12308
"338099","Joseph",2013,"M",12167
"338106","John",2013,"M",10670
"338136","Charles",2013,"M",6994
"338141","Robert",2013,"M",6679
"338219","Richard",2013,"M",2784
"339442","Mary",2014,"F",2611
"340547","James",2014,"F",42
"340582","Michael",2014,"F",35
"340683","William",2014,"F",23
"340781","Charles",2014,"F",15
"340806","John",2014,"F",14
"340823","David",2014,"F",13
"340995","Joseph",2014,"F",6
"341008","Robert",2014,"F",6
"341078","William",2014,"M",16687
"341080","Michael",2014,"M",15323
"341082","James",2014,"M",14301
"341091","David",2014,"M",12078
"341093","Joseph",2014,"M",11995
"341099","John",2014,"M",10600
"341124","Charles",2014,"M",7269
"341134","Robert",2014,"M",6572
"341214","Richard",2014,"M",2857
"342314","Mary",2014,"M",5
